escenario,organos_totales,organos_a_tiempo,organos_fuera_isquemia,organos_pendientes,exito_clinico_pct,tiempo_medio_min,tiempo_p95_min
Base,359,359,0,0,100.0,18.554317548746518,41.099999999999966
Moderado,425,425,0,0,100.0,19.04235294117647,41.0
Alto,549,549,0,0,100.0,18.364298724954462,40.0
Muy alto,737,737,0,0,100.0,19.05427408412483,42.0
