escenario,simulaciones,minutos_simulacion,pedidos_generados,pedidos_completados,tasa_servicio_pct,p95_inventario_medio,p95_inventario_peor,p99_inventario_medio,cola_media,cola_maxima,organos_totales,organos_a_tiempo,organos_fuera_isquemia,organos_pendientes,exito_clinico_pct
Base,20,20160,55589.0,55516.0,99.86867905520876,117.05249999999998,154.0,417.33150000000126,3.6396899801587295,62.0,359.0,357.0,2.0,1.0,99.44289693593315
Moderado,20,20160,85902.0,85834.0,99.92084002700751,147.055,214.05000000000015,375.6815000000001,6.542757936507937,95.0,425.0,421.0,4.0,2.0,99.05882352941177
Alto,20,20160,116562.0,116461.0,99.9133508347489,156.80499999999992,178.0,364.9909999999998,9.751378968253968,103.0,549.0,543.0,5.0,4.0,98.90710382513662
Muy alto,20,20160,147092.0,146973.0,99.91909825143448,212.26500000000001,269.5500000000002,453.8675,17.08262896825397,200.0,737.0,729.0,8.0,6.0,98.9145183175034
