escenario,simulaciones,minutos_simulacion,pedidos_generados,pedidos_completados,tasa_servicio_pct,p95_inventario_medio,p95_inventario_peor,p99_inventario_medio,cola_media,cola_maxima,organos_totales,organos_a_tiempo,organos_fuera_isquemia,organos_pendientes,exito_clinico_pct
Base,20,20160,55588,55504,99.84888824926243,157.21250000000003,257.15000000000055,,4.696232638888889,103,359,359,0,0,100.0
Moderado,20,20160,85903,85820,99.90337939303633,213.92999999999998,258.8000000000002,,9.820114087301587,126,425,425,0,0,100.0
Alto,20,20160,116564,116422,99.87817851137572,284.44000000000005,334.0,,17.815994543650795,149,549,549,0,0,100.0
Muy alto,20,20160,147009,146426,99.60342564060703,487.7375,589.0,,36.41401041666666,227,737,736,1,0,99.86431478968792
