escenario,tipo_dron,drones_simulacion,vuelo_min,recarga_min,operativo_min,tiempo_disponible_min,utilizacion_vuelo_pct,utilizacion_operativa_pct
Base,Hospitalarios,400,6689,1120,7809,8064000,0.08294890873015873,0.09683779761904762
Base,Base,260,553964,554745,1108709,5241600,10.568605006105006,21.152110042735043
Moderado,Hospitalarios,400,8136,1678,9814,8064000,0.10089285714285715,0.12170138888888887
Moderado,Base,260,857364,862055,1719419,5241600,16.35691391941392,32.80332341269842
Alto,Base,260,1163390,1173359,2336749,5241600,22.19532203907204,44.5808340964591
Alto,Hospitalarios,400,10198,2442,12640,8064000,0.12646329365079365,0.15674603174603174
Muy alto,Base,260,1456858,1475385,2932243,5241600,27.794146825396826,55.94175442612943
Muy alto,Hospitalarios,400,14198,6044,20242,8064000,0.17606646825396824,0.2510168650793651
