escenario_pretty,rol_pretty,drones,vuelo_min,recarga_min,utilizacion_vuelo_pct,utilizacion_operativa_pct
Base,Base,13,553964,554745,211.3721001221001,423.0422008547008
Base,Hospitalarios,21,6617,1237,1.5629724111866967,1.8551587301587302
Moderado,Base,13,857364,862055,327.1382783882784,656.0664682539683
Moderado,Hospitalarios,21,7986,1678,1.8863378684807257,2.2826908541194255
Alto,Base,13,1163390,1173359,443.90644078144084,891.6166819291819
Alto,Hospitalarios,21,10049,2429,2.373630007558579,2.9473733938019655
Muy alto,Base,13,1456858,1475385,555.8829365079365,1118.8350885225884
Muy alto,Hospitalarios,21,14055,4745,3.3198696145124718,4.440665154950869
